Algoritmo;Tamanho;Ordem;Comparacoes;Trocas;Tempo(s)
bolha;10000;1;49995000;24952888;0.112000
bolha;10000;2;49995000;0;0.064000
bolha;10000;3;49995000;49995000;0.138000
bolha;100000;1;4999950000;2505816708;22.293000
bolha;100000;2;4999950000;0;6.511000
bolha;100000;3;4999950000;4999950000;13.901000
bolha;500000;1;124999750000;62512389550;505.283000
bolha;500000;2;124999750000;0;160.842000
bolha;500000;3;124999750000;124999750000;341.685000
